{"cameraMode":{"drawMode":0,"name":"Shaded","section":"Shading Mode"},"sceneLighting":false,"audioPlay":false,"sceneViewState":{"showFog":true,"showMaterialUpdate":false,"showSkybox":false,"showFlares":true,"showImageEffects":true,"showParticleSystems":true},"in2DMode":false,"pivot":{"x":-8.989999771118164,"y":1.498000144958496,"z":-3.5752475261688234},"rotation":{"x":-0.08862633258104325,"y":-0.8629164099693298,"z":0.1626560539007187,"w":-0.4701741635799408},"size":3.4015631675720217,"orthographic":false}