{"cameraMode":{"drawMode":0,"name":"Shaded","section":"Shading Mode"},"sceneLighting":true,"audioPlay":false,"sceneViewState":{"showFog":true,"showMaterialUpdate":false,"showSkybox":true,"showFlares":true,"showImageEffects":true,"showParticleSystems":true},"in2DMode":false,"pivot":{"x":0.01738739013671875,"y":-7.733798980712891,"z":0.09250259399414063},"rotation":{"x":-0.18426838517189027,"y":-0.7004878520965576,"z":0.19525489211082459,"w":-0.6612393260002136},"size":219.3740692138672,"orthographic":false}