{"cameraMode":{"drawMode":0,"name":"Shaded","section":"Shading Mode"},"sceneLighting":true,"audioPlay":false,"sceneViewState":{"showFog":true,"showMaterialUpdate":false,"showSkybox":true,"showFlares":true,"showImageEffects":true,"showParticleSystems":true},"in2DMode":false,"pivot":{"x":-40.266361236572269,"y":7.158784866333008,"z":-63.22693634033203},"rotation":{"x":-0.05024607852101326,"y":0.8893265724182129,"z":-0.10073553025722504,"w":-0.44319969415664675},"size":181.04779052734376,"orthographic":false}