{"cameraMode":{"drawMode":0,"name":"Shaded","section":"Shading Mode"},"sceneLighting":true,"audioPlay":false,"sceneViewState":{"showFog":true,"showMaterialUpdate":false,"showSkybox":true,"showFlares":true,"showImageEffects":true,"showParticleSystems":true},"in2DMode":false,"pivot":{"x":-41.550174713134769,"y":19.685070037841798,"z":-55.95970153808594},"rotation":{"x":-0.15237179398536683,"y":-0.37229639291763308,"z":0.06214781850576401,"w":-0.9134089946746826},"size":34.54734802246094,"orthographic":false}